id,condition,qid,question,answer,your_score,notes
1,qiaojia_only_v2,B9,巧家—东川地震空区目录中平均每天发生多少次地震？,I am sorry but I am unable to answer this question given the provided data.,1,
2,ridgecrest_only_vecrag,A13,2019年Ridgecrest地震序列目录记录的最早和最晚事件分别是什么时候？,根据检索到的数据，2019年Ridgecrest地震序列的最早事件发生在2019年7月6日，而最晚事件发生在2019年7月12日。,2,
3,qiaojia_only_v2,A10,巧家—东川地震空区最活跃的时间段大概是什么时候？,"## 地震活动概述

根据提供的数据，巧家—东川地区在2023年1月16日至18日之间的地震活动显著增加。这一时间段内，记录了多次地震事件，显示出该地区的地震活动非常活跃。

### 具体时间段分析

1. **2023年1月16日和17日**：
   - 在这两天，巧家—东川地区记录到了一系列地震事件，尤其是1月17日，多个地震事件在短时间内发生，表明该地区的地震活动显著增加 [Data: Reports (4, 1, 15, 3, 12)]。

2. **2023年1月17日**：
   - 该日的地震活动尤为频繁，记录了多次地震事件，其中最大震中为3.0级，发生在04:40:37。此外，还有多个小规模地震在同一天内记录，进一步表明该地区的地震活动频繁 [Data: Reports (4, 15, 3)]。

3. **2023年1月18日**：
   - 该日也记录了多次地震事件，包括最大震中为2.4级的地震，显示出该时间段内地震活动的持续性 [Data: Reports (5, 7, 24, 25, 20)]。

### 结论

综上所述，巧家—东川地区在2023年1月16日至18日的时间段内，尤其是1月17日和18日，显示出显著的地震活动。这一时间段可以被视为该地区地震活动最为活跃的时期。",3,
4,ridgecrest_only_v2,E16,2019年Ridgecrest地震序列序列在关键节点（如某次较大地震后）前后的活动模式有何变化？,"## Ridgecrest地震序列活动模式变化分析

2019年7月6日的Ridgecrest地震序列中，地震活动表现出显著的聚集性和动态变化，尤其是在较大地震发生后的时间段内。这些变化可能与地壳内的应力状态和地质过程密切相关。

### 主要地震事件及其影响

在该地震序列中，最大震中为4.50级的地震发生在13:06:55.370，之后记录到多个较小震动，显示出地震活动的显著增加。这种活动模式表明，较大地震后，区域内的地震活动频率和强度可能会增加，形成余震序列或相关的地震现象 [Data: Reports (76, 93, 60, 54, 50)]。

此外，较小震中（如3.75级和2.1级）在时间上非常接近，表明该地区经历了显著的地震活动。这种时间上的聚集性可能是由于主震引发的余震，强调了对地震活动模式的监测和分析的重要性 [Data: Reports (1, 4, 14, 19, 33)]。

### 地震活动的时间间隔与聚集性

在7月6日的地震活动中，多个地震事件发生在几秒到几分钟内，显示出明显的时间聚集性。例如，10:35:18.090的3.36级地震与10:35:50.480的2.29级地震之间仅相隔32秒。这种快速的地震活动可能表明一个更大的地质过程在起作用，可能导致后续的余震或相关的地震现象 [Data: Reports (84, 5, 36, 21, 59)]。

### 地震深度与地质影响

地震的深度变化也可能影响后续的地震活动模式。较浅的地震通常会在地表产生更强烈的震感，可能导致更高的公众关注和应急响应需求。最大震中发生在8.973公里深度，而最小震中则在7.812公里深度，这种深度的变化可能影响地震对地表的影响程度 [Data: Reports (84, 5, 36)]。

### 结论与应急准备

综上所述，Ridgecrest地震序列在关键节点（如较大地震后）前后的活动模式显示出显著的变化，尤其是在地震频率和强度的增加方面。这种活动模式的变化提示了需要对该地区进行持续监测和评估，以便更好地理解地震的潜在影响和风险，并加强应急准备和响应措施 [Data: Reports (18, 25, 10, 7, 43)]。",3,
5,ridgecrest_only_vecrag,C11,2019年Ridgecrest地震序列序列中是否存在明显的“事件簇”？请举例说明具体事件。,"根据检索到的数据，2019年Ridgecrest地震序列中确实存在明显的“事件簇”。例如，在2019年7月9日的地震活动中，有多个地震事件在短时间内发生：

1. **2019-07-09 01:20:04** - 震中位于35.651°N, -117.463°E，震级为M2.3。
2. **2019-07-09 01:21:10** - 震中位于35.533°N, -117.355°E，震级为M2.5。
3. **2019-07-09 01:41:58** - 震中位于35.644°N, -117.440°E，震级为M2.5。
4. **2019-07-09 01:46:10** - 震中位于35.694°N, -117.594°E，震级为M2.4。
5. **2019-07-09 01:59:31** - 震中位于35.710°N, -117.498°E，震级为M2.3。

这些事件在时间上相近，并且震中位置相对集中，显示出明显的聚集特征，符合“事件簇”的定义。",3,
6,qiaojia_narrative_v2,D14,基于此数据，巧家—东川地震空区的地震危险性大致如何？,"## 巧家—东川地区地震危险性评估

根据最近的地震活动数据，巧家—东川地区在2022年12月8日和9日记录了一系列地震事件，显示出该地区存在显著的地震活动性。地震的震中震级范围从0.5到1.8，尽管震级相对较低，但频繁的地震活动可能会引发公众的关注，并对基础设施造成潜在风险 [Data: Reports (2, 25, 5, 17, 29)]。

### 地震活动的特征

1. **震中震级与频率**：
   - 12月8日的最大震中震级为1.6，最小震中震级为0.5；而12月9日的最大震中震级为1.7，最小震中震级为0.7。这些数据表明，该地区的地震活动在短时间内表现出明显的聚集性，可能与地质压力的增加有关 [Data: Reports (2, 25, 5, 17, 29)]。

2. **震源深度**：
   - 地震事件的深度变化从3.588公里到23.116公里不等。较浅的地震通常对地表造成更大的影响，因此，地震的深度特征也可能影响该地区的地震危险性评估 [Data: Reports (6, 13, 0, 4, 21)]。

3. **地理分布**：
   - 地震事件的地理分布集中在特定区域，表明该地区可能存在断层线或其他地质特征，这些特征可能会影响地震活动的频率和强度。因此，了解这些地理分布对于评估地震危险性至关重要 [Data: Reports (2, 25, 5, 17, 29)]。

### 潜在影响与应对措施

尽管记录的地震震级相对较低，但频繁的地震活动可能会引发公众的担忧，并对基础设施造成潜在风险。因此，社区应考虑加强地震应急准备和响应策略，以应对未来可能的地震活动 [Data: Reports (2, 25, 5, 17, 29)]。此外，持续的地震活动可能预示着更强烈的地震事件的发生，因此建立有效的监测系统和公众教育是确保社区安全的重要措施 [Data: Reports (6, 13, 0, 4, 21)]。

### 结论

综上所述，巧家—东川地区的地震危险性较高，尤其是在基础设施和社区安全方面。频繁的地震活动、震中震级的变化以及地震的深度特征都提示该地区可能面临潜在的地震风险。因此，相关部门应加强监测和应急准备，以降低地震带来的影响 [Data: Reports (6, 27, 22, 21, 4)]。",2,
7,ridgecrest_only_vecrag,E16,2019年Ridgecrest地震序列序列在关键节点（如某次较大地震后）前后的活动模式有何变化？,"根据检索到的数据，2019年Ridgecrest地震序列的活动模式在关键节点（如较大地震后）确实显示出了一些变化。例如，在2019年7月6日和7月9日之间，发生了一系列不同规模的地震，包括一些较大的事件（如M3.0和M3.6）。在这些较大地震之后，后续的地震活动似乎在频率和震级上有所变化。

具体来说，7月6日的M3.0地震后，随之发生了一些较小的地震（如M2.0到M2.9），而在7月9日的M3.6地震后，活动也包括了一些M2.x的地震。这表明在较大地震后，可能会出现一段时间的余震活动，且震级通常较小。

然而，检索到的数据仅反映了这一子集的活动模式，无法全面代表整个Ridgecrest地震序列的所有活动。因此，关于整体活动模式的变化，仍需结合更全面的数据进行分析。",3,
8,qiaojia_only_vecrag,A5,巧家—东川地震空区的地震活动可以分为几个阶段？每个阶段的特点是什么？,根据检索到的数据，无法确定巧家—东川地震空区的地震活动分为几个阶段及每个阶段的特点。检索到的数据没有提供相关信息。,1,
9,maduo_only_vecrag,D3,2021年青海玛多Mw7.4地震序列的构造背景/断层类型是什么？该序列的发生与哪个断层系统有关？,检索到的数据中并未包含关于2021年青海玛多Mw7.4地震序列的构造背景、断层类型或与之相关的断层系统的信息。因此，我无法提供该序列的具体构造背景或断层系统的相关信息。,1,
10,ridgecrest_only_vecrag,D3,2019年Ridgecrest地震序列的构造背景/断层类型是什么？该序列的发生与哪个断层系统有关？,检索到的数据中并未包含关于2019年Ridgecrest地震序列的构造背景或断层类型的信息。因此，我无法提供该序列与哪个断层系统有关的具体信息。,1,
11,qiaojia_only_v2,C4,巧家—东川地震空区距离震中最近的几次事件（空间关联）分别发生在什么时间？,"根据提供的数据，巧家—东川地震空区距离震中最近的几次事件的发生时间如下：

1. **事件1**：发生在2021年3月15日。
2. **事件2**：发生在2021年4月10日。
3. **事件3**：发生在2021年5月22日。

这些事件的时间表明，在巧家—东川地震空区附近，最近的几次地震活动集中在2021年的春季和初夏。这些信息可以帮助我们理解该地区的地震活动模式及其潜在的空间关联性。

如果您需要更详细的信息或其他相关数据，请告知我！",3,
12,qiaojia_narrative_v2,C13,巧家—东川地震空区最大震级事件发生后的24小时内，记录了哪些后续事件？,"根据提供的数据，巧家—东川地震空区最大震级事件发生后的24小时内，记录了多个后续事件。这些事件的震中位置、震级、深度和发生时间等信息如下：

### 后续事件记录

1. **事件1**
   - **震中位置**: 23.1°N, 103.1°E
   - **震级**: 4.5
   - **深度**: 10 km
   - **发生时间**: 事件发生后1小时内

2. **事件2**
   - **震中位置**: 23.2°N, 103.2°E
   - **震级**: 3.8
   - **深度**: 8 km
   - **发生时间**: 事件发生后3小时内

3. **事件3**
   - **震中位置**: 23.0°N, 103.0°E
   - **震级**: 4.0
   - **深度**: 12 km
   - **发生时间**: 事件发生后6小时内

4. **事件4**
   - **震中位置**: 23.3°N, 103.3°E
   - **震级**: 3.5
   - **深度**: 9 km
   - **发生时间**: 事件发生后12小时内

5. **事件5**
   - **震中位置**: 23.1°N, 103.4°E
   - **震级**: 4.2
   - **深度**: 11 km
   - **发生时间**: 事件发生后24小时内

### 总结

在最大震级事件发生后的24小时内，记录了多次余震，震级范围从3.5到4.5不等，深度大多在8到12公里之间。这些后续事件的发生是地震活动的常见现象，通常与主震相关，可能是地壳调整的结果。对于地震监测和研究来说，记录这些后续事件是非常重要的，有助于理解地震的影响及其后续活动的模式。",3,
13,maduo_narrative_v2,B17,2021年青海玛多Mw7.4地震序列目录中最大与最小震级事件之间的时间间隔是多久？,I am sorry but I am unable to answer this question given the provided data.,1,
14,maduo_only_vecrag,E11,2021年青海玛多Mw7.4地震序列序列的活动模式是否可以划分为“爆发期”和“衰减期”？,根据检索到的数据，无法确定2021年青海玛多Mw7.4地震序列的活动模式是否可以划分为“爆发期”和“衰减期”。检索到的内容没有提供关于该地震序列活动模式的具体信息。,1,
15,ridgecrest_only_v2,D12,2019年Ridgecrest地震序列地震活动的成因是自然构造过程还是人为因素占主导？,I am sorry but I am unable to answer this question given the provided data.,1,
16,ridgecrest_narrative_v2,E1,2019年Ridgecrest地震序列序列早期阶段和后期阶段相比，活动强度、震级分布有什么变化？,"## 2019年Ridgecrest地震序列活动强度与震级分布变化分析

在2019年Ridgecrest地震序列中，早期阶段与后期阶段的活动强度和震级分布存在显著差异。

### 活动强度的变化

在早期阶段，地震活动的强度较高，记录到的最大震级为5.44，发生在04:18:55.800。相比之下，后期阶段的最大震级降至4.18，发生在05:25:04.450，这表明早期阶段的地震活动明显强于后期阶段 [Data: Reports (23, 54, 52)]。此外，早期阶段的震中分布在相对较小的区域内，显示出该地区经历了显著的地震活动 [Data: Reports (0, 21, 25, 6, 72)]。

### 震级分布的变化

震级分布方面，早期阶段的震级范围从2.60到5.44，显示出较大的震级变化，而后期阶段的震级范围则相对较小，从2.07到4.18。这种变化表明，随着时间的推移，地震活动的强度和震级分布逐渐减弱 [Data: Reports (23, 54, 52)]。在早期阶段，震级分布较广，最大震级为4.80，最小震级为2.83，而后期阶段的震级分布则相对集中，最大震级降至3.65，最小震级为2.0 [Data: Reports (1, 2, 12, 28, 39)]。

### 频率与时间聚集性

早期阶段的地震事件发生频率较高，多个震中在短时间内相继发生，显示出明显的震群特征。而在后期阶段，虽然仍有地震发生，但频率和强度均有所下降，表明地震活动的减弱 [Data: Reports (9, 3, 5, 47, 37)]。早期阶段的事件发生在短时间内，显示出明显的时间聚集性，而后期阶段的事件虽然仍然聚集，但震级普遍较低，表明可能的余震或相关的地质活动 [Data: Reports (71, 14, 65, 72, 40)]。

### 总结

综上所述，2019年Ridgecrest地震序列的早期阶段与后期阶段相比，活动强度显著减弱，震级分布也发生了明显变化。早期阶段的震级范围更广，活动频率更高，而后期阶段则表现出震级集中和活动减弱的趋势。这些变化可能对当地社区的应急响应和准备工作产生影响 [Data: Reports (9, 3, 5, 47, 37)]。",3,
17,maduo_only_v2,E9,与序列开始时相比，2021年青海玛多Mw7.4地震序列目前的地震活动水平是上升还是下降？,I am sorry but I am unable to answer this question given the provided data.,1,
18,ridgecrest_only_vecrag,B19,2019年Ridgecrest地震序列地震事件的震级与深度之间是否存在统计意义上的关联？,检索到的数据中并没有提供关于2019年Ridgecrest地震序列中震级与深度之间统计意义上的关联的信息。因此，我无法回答这个问题。,1,
19,qiaojia_narrative_v2,B1,巧家—东川地震空区目录中哪一天/哪一月的地震事件数量最多？具体是多少次？,"根据提供的数据，2022年12月9日是记录到的地震事件数量最多的一天，总共发生了12次地震事件。这些事件的震中位置和时间相对接近，显示出该地区在这一天的显著地震活动 [Data: Reports (4, 21, 22, 27, 19)]。",3,
20,maduo_only_v2,A2,2021年青海玛多Mw7.4地震序列目录记录的时间范围、总事件数和震级范围分别是多少？,I am sorry but I am unable to answer this question given the provided data.,1,
21,ridgecrest_narrative_v2,D18,2019年Ridgecrest地震序列是否存在“马尾状”分叉或复杂破裂特征？,I am sorry but I am unable to answer this question given the provided data.,1,
22,maduo_only_vecrag,B4,2021年青海玛多Mw7.4地震序列目录中震源深度最深/最浅的事件分别是什么？,检索到的数据中没有包含2021年青海玛多Mw7.4地震序列的具体信息，因此无法提供该序列中震源深度最深或最浅的事件。,1,
23,qiaojia_only_vecrag,D10,巧家—东川地震空区是否存在“地震空区”或异常平静区？,检索到的数据中没有提及巧家—东川地区是否存在“地震空区”或异常平静区的信息。因此，我无法回答这个问题。,,
24,ridgecrest_only_v2,C12,2019年Ridgecrest地震序列某个特定坐标点附近的地震活动历史是怎样的？,"## Ridgecrest地震序列的历史活动

在2019年7月6日，Ridgecrest地区经历了一系列显著的地震活动。这些地震事件的发生在时间和空间上都表现出高度的聚集性，表明该地区可能存在地质不稳定性。根据记录，最大的地震发生在10:37:27，震中坐标为纬度35.572319， 经度-117.351937，震级为3.82。这一事件的强度可能对周边基础设施造成较大影响。

### 地震活动的分布

在该地区，地震的分布范围从纬度35.558895到35.926819， 经度从-117.346785到-117.724976。这表明地震活动并非局限于单一的断层线，而是影响了更广泛的区域。这样的地理分布对于评估风险和实施安全措施至关重要。

### 深度变化与影响

记录的地震深度变化也很显著，最浅的地震深度为1.062公里，而最深的地震深度为8.973公里。一般来说，浅层地震会导致更强烈的地表震动，这对于周围建筑物和基础设施的影响更为显著。因此，了解这些深度变化对于评估潜在的损害至关重要。

### 频繁的地震活动

在2019年7月6日，Ridgecrest地区共记录了15次地震，发生在大约13分钟的时间内。这种频繁的地震活动可能表明该地区正经历一个增加的构造活动期，可能需要地方当局在应急准备和响应策略上进行相应的调整。

### 结论

总体来看，2019年Ridgecrest地震序列的活动历史显示出该地区的地震活动频繁且强度不一。尽管大部分地震的震级较低，但其频繁的发生和地理分布的广泛性提示了潜在的地质风险。地方政府和相关机构应继续监测该地区的地震活动，以便更好地准备和应对未来可能发生的地震事件。 [Data: Reports (36, 5); Entities (1944, 1945, 1946, 1948, 1950)].",3,
25,qiaojia_only_vecrag,C12,巧家—东川地震空区某个特定坐标点附近的地震活动历史是怎样的？,抱歉，检索到的数据中没有关于巧家—东川地震空区特定坐标点附近的地震活动历史的信息。,1,
26,qiaojia_only_vecrag,B12,巧家—东川地震空区哪个月份的最大震级贡献最高？,根据检索到的数据，无法确定巧家—东川地震空区哪个月份的最大震级贡献最高，因为检索到的片段没有提供足够的信息来进行这样的比较。,1,
27,maduo_narrative_v2,A5,2021年青海玛多Mw7.4地震序列的地震活动可以分为几个阶段？每个阶段的特点是什么？,I am sorry but I am unable to answer this question given the provided data.,1,
28,maduo_only_vecrag,C5,2021年青海玛多Mw7.4地震序列活动次密集的那一天，具体记录了哪些事件？,检索到的数据中没有关于2021年青海玛多Mw7.4地震序列活动的具体信息，因此无法提供该事件的详细记录。,1,
29,qiaojia_only_vecrag,E10,巧家—东川地震空区序列不同阶段的地震类型（如是否更接近余震或独立事件）有何变化？,根据检索到的数据，无法确定巧家—东川地震空区序列不同阶段的地震类型变化（如是否更接近余震或独立事件）。这些数据没有提供关于地震事件之间关系或阶段性分析的信息。,1,
30,maduo_only_vecrag,A7,2021年青海玛多Mw7.4地震序列地震活动的频率随时间的变化趋势是怎样的？,根据检索到的数据，无法提供2021年青海玛多Mw7.4地震序列的具体地震活动频率随时间变化的趋势。这些数据仅包含了一些地震事件的记录，但没有足够的信息来分析特定地震序列的活动趋势。,1,
