audit_id,item_id,system,catalog,condition,qid,category,scorer_1,scorer_2,human_mean,judge,scorers_agree,human_vs_judge_maxdiff,is_refusal,judge_justification,notes
1,vector_rag|qiaojia_only|B2,vector_rag,qiaojia,only,B2,B,1,1,1.0,1,1,0,True,"The answer refuses to provide the largest event's details, but the catalog contains this information. For a Category B question, a refusal always scores 1, not 3.",
2,graphrag_pre|maduo_narrative|D1,graphrag_pre,maduo,narrative,D1,D,1,1,1.0,1,1,0,False,"The answer uses out-of-catalog values (mainshock date) and attributes mechanisms (water reservoir, shallow fluids) not supported by the narrative or catalog. Only deep crustal fluids and tectonic stress are supported. Thus, the answer is mostly ungrounded or fabricated for this data.",
3,graphrag_pre|ridgecrest_only|B18,graphrag_pre,ridgecrest,only,B18,B,3,3,3.0,2,1,1,False,"The answer correctly identifies the week of July 4-10 as the period of highest seismic activity, which closely matches the catalog's busiest ISO week (July 1-7). It also correctly highlights July 6 as the peak day and mentions the M6.4 and M7.1 events. Minor imprecision in week boundaries prevents a 3.",
4,vector_rag|ridgecrest_only|A13,vector_rag,ridgecrest,only,A13,A,1,1,1.0,1,1,0,False,"The answer gives the wrong dates for both the earliest and latest events. The correct dates are July 4, 2019 (earliest) and July 16, 2019 (latest), not July 6 and July 12. No fabricated events, but central claim is incorrect.",
5,graphrag_post2|maduo_only|B3,graphrag_post2,maduo,only,B3,B,0,0,0.0,0,1,0,False,"The answer lists a mainshock and foreshock (Mw7.4, Mw6.4) on dates before the catalog begins, and magnitudes not present in the catalog. These are fabricated for this catalog. Only the M4.7 and M4.3 events are real, but the top 5 is incorrect.",
6,vector_rag|qiaojia_only|B6,vector_rag,qiaojia,only,B6,B,1,1,1.0,1,1,0,True,"The answer refuses to answer, but the catalog contains sufficient information to identify the quietest day (2022-10-07, 2 events). Per the rubric, a refusal in Category B always scores 1.",
7,graphrag_post2|ridgecrest_only|C18,graphrag_post2,ridgecrest,only,C18,C,1,1,1.0,1,1,0,True,"The answer refuses, claiming the data does not specify depths within clusters, but the catalog contains depth for every event and 1930 events at 0-5 km. A cluster analysis is possible from the data, so refusal is not appropriate for this category.",
8,graphrag_pre|ridgecrest_only|D14,graphrag_pre,ridgecrest,only,D14,D,2,2,2.0,1,1,1,False,"The answer references M4.4 and M3.8 events that do not exist in the catalog, and uses hazard language and 'reports' not supported by the catalog-only data. The central claim about hazard is not directly answerable from the catalog, and the answer includes fabricated event magnitudes.",
9,graphrag_post2|ridgecrest_only|B17,graphrag_post2,ridgecrest,only,B17,B,1,1,1.0,1,1,0,False,"The answer invents several event pairs and intervals not present in the catalog, and does not provide the correct interval between the actual maximum and minimum magnitude events. Multiple fabricated event times and magnitudes are cited.",
10,vector_rag|ridgecrest_only|C13,vector_rag,ridgecrest,only,C13,C,2,2,2.0,2,1,0,False,"The answer correctly lists genuine events within 24h after the mainshock, but omits the total number (1890) and does not mention the largest aftershock (M5.50). No fabricated or out-of-scope values.",
11,vector_rag|qiaojia_only|C17,vector_rag,qiaojia,only,C17,C,0,0,0.0,0,1,0,False,"The answer fabricates the earliest events by listing only events from 2023-01-10, which are not the earliest in the catalog. The actual earliest events are from 2022-08-23, making the answer factually incorrect and fabricated.",
12,graphrag_pre|qiaojia_only|A13,graphrag_pre,qiaojia,only,A13,A,2,2,2.0,2,1,0,False,"The answer gives the correct latest event date (2023-03-17), but the earliest event is actually 2022-08-23, not 2022-08-28. The central claim is mostly correct but omits the true earliest date.",
13,graphrag_post2|ridgecrest_only|A11,graphrag_post2,ridgecrest,only,A11,A,2,2,2.0,2,1,0,False,"The answer correctly describes the magnitude-frequency relationship, magnitude range, and the dominance of small events. However, it includes vague references to 'reports' and clusters without catalog-specific detail, missing available precision (e.g., exact event counts per bin).",
14,graphrag_pre|qiaojia_narrative|A17,graphrag_pre,qiaojia,narrative,A17,A,2,2,2.0,2,1,0,False,"The answer correctly describes depth-dependent differences in seismicity, referencing plausible depth ranges and temporal clusters. However, it overstates the association of higher magnitudes with greater depth (the largest event is shallow), and some claims are vague where more precision was available.",
15,vector_rag|ridgecrest_only|A20,vector_rag,ridgecrest,only,A20,A,2,2,2.0,2,1,0,False,"The answer correctly notes active seismicity in July 2019 and spatial clustering, but wrongly limits the time (July 6-9) and magnitude range (up to M4.5), omitting the M6.4 and M7.1 mainshocks and the full catalog span. The central claim of active seismicity is correct, but details are incomplete.",
16,vector_rag|ridgecrest_only|C2,vector_rag,ridgecrest,only,C2,C,2,2,2.0,2,1,0,False,"The answer correctly identifies the general area and gives plausible dates and locations for M3.0-M4.0 events, but it omits that such events are distributed throughout the full catalog span (2019-07-04 to 2019-07-16), not mainly 7/6-7/9. The spatial range is reasonable.",
17,graphrag_post2|qiaojia_only|A12,graphrag_post2,qiaojia,only,A12,A,2,2,2.0,2,1,0,False,"The answer's central claim of clustering is plausible, but the assertion of 'point-like' morphology and specific cluster distances (1-1.5 km) are not directly supported by the catalog, which covers a broad area. References to 'Reports' are fabricated. The answer should have described the overall spatial spread.",
18,graphrag_pre|maduo_only|B5,graphrag_pre,maduo,only,B5,B,1,1,1.0,1,1,0,True,"The answer refuses to answer, but the catalog provides the median magnitude (M0.7), so a refusal is not appropriate for this Category B question. Scoring 1 as per the rubric.",
19,vector_rag|ridgecrest_only|E8,vector_rag,ridgecrest,only,E8,E,2,2,2.0,2,1,0,False,"The answer correctly identifies multiple peaks and names 7/6, which is the main peak. However, it incorrectly claims a peak on 7/9, which is not supported by the catalog. The central claim is correct but secondary detail is wrong.",
20,graphrag_pre|ridgecrest_narrative|A8,graphrag_pre,ridgecrest,narrative,A8,A,2,2,2.0,2,1,0,False,"The answer correctly states that most events are shallow (<10 km), matching the catalog. However, it overstates the trend that larger events are deeper: the largest event (M7.1) was shallow (3.2 km). The rest is general/geological context, not contradicted by the data.",
21,graphrag_pre|qiaojia_narrative|D10,graphrag_pre,qiaojia,narrative,D10,D,2,2,2.0,1,1,1,False,"The answer incorrectly denies the existence of a seismic gap or anomalously quiet zone, contradicting both the narrative and catalog, which explicitly identify the Qiaojia-Dongchuan segment as a seismic gap with a persistent lack of moderate-to-large earthquakes despite active surroundings.",
22,graphrag_post2|ridgecrest_narrative|E3,graphrag_post2,ridgecrest,narrative,E3,E,2,2,2.0,2,1,0,False,"The central claim that there are no obvious quiet periods is correct. However, the answer misdates the M7.1 mainshock to July 5 (it was July 6 UTC) and gives vague or unverifiable daily cluster counts. The overall interpretation is consistent with the catalog, but secondary details are imprecise.",
23,vector_rag|maduo_only|C4,vector_rag,maduo,only,C4,C,1,1,1.0,1,1,0,True,"The answer refuses, claiming no information about the 2021 Maduo sequence or events near the epicenter, but the catalog contains detailed event data including epicenter and times. A refusal is not appropriate for this question type.",
24,graphrag_pre|ridgecrest_narrative|D2,graphrag_pre,ridgecrest,narrative,D2,D,1,1,1.0,1,1,0,True,"This is a refusal. In a +narrative condition, if the narrative text addresses the question, a refusal scores 1. The narrative text discusses tectonic faulting and does not attribute the sequence to human activity, so a refusal is not fully appropriate.",
25,graphrag_pre|qiaojia_narrative|E13,graphrag_pre,qiaojia,narrative,E13,E,2,2,2.0,2,1,0,False,"The answer correctly identifies periods of increased seismic activity (December 2022, January 2023, March 2023) and describes temporal clustering, which is supported by the catalog. However, it overstates the periodicity and does not mention the largest activity spike in December, nor does it quantify the phases precisely, missing available detail.",
26,vector_rag|ridgecrest_only|A8,vector_rag,ridgecrest,only,A8,A,1,2,1.5,1,0,1,True,"The answer gives a wrong depth range and fabricated maximum depth (67.1 km vs actual 239.53 km), and refuses to provide a full distribution despite the catalog containing it. This is a partial refusal with fabricated values.",
27,vector_rag|qiaojia_only|B15,vector_rag,qiaojia,only,B15,B,1,1,1.0,1,1,0,True,"The answer refuses, claiming the data cannot determine the time period of the top ten magnitude events. This is incorrect: the catalog contains all necessary information. Per rubric, a refusal to a Category B question scores 1.",
28,graphrag_post2|maduo_only|D19,graphrag_post2,maduo,only,D19,D,1,3,2.0,3,0,2,True,"The refusal is appropriate: the catalog-only data does not contain tectonic background or mechanism information, so the system cannot answer this question from the available data.",
29,graphrag_pre|ridgecrest_only|A4,graphrag_pre,ridgecrest,only,A4,A,1,1,1.0,0,1,1,False,"The answer fabricates a M8.099 event on July 8, which does not exist in the catalog (maximum is M7.1). It also uses non-catalog event counts and magnitudes, and refers to events (M4.2 on July 6) not present in the data. Out-of-scope and fabricated values invalidate the answer.",
30,graphrag_pre|maduo_narrative|C3,graphrag_pre,maduo,narrative,C3,C,0,1,0.5,0,0,1,False,"The answer uses the mainshock date (2021-05-22), magnitude (Mw7.4), depth (7.6 km), and aftershock count (78,832) from the literature, all of which are outside or not present in the ingested catalog. The catalog starts after the mainshock and contains only 10,621 events.",
31,graphrag_pre|qiaojia_narrative|C13,graphrag_pre,qiaojia,narrative,C13,C,0,1,0.5,0,0,1,False,"The answer fabricates aftershock activity on dates (2022-12-27, 2023-02-04) that are not within 24 hours after the largest event (2022-10-18). No events from those dates are relevant to the question, making the answer entirely fabricated for the required time window.",
32,vector_rag|maduo_only|D5,vector_rag,maduo,only,D5,D,1,1,1.0,3,1,2,True,"The answer correctly refuses, as the catalog contains no information on tectonic stress or mechanisms. This is the expected and correct response under the rubric for a catalog-only condition.",
33,graphrag_post2|maduo_narrative|B9,graphrag_post2,maduo,narrative,B9,B,1,1,1.0,1,1,0,True,"The answer refuses to answer a question that is directly answerable from the catalog (mean daily rate is 14.4 events/day). Per the rubric, a refusal in Category B always scores 1, not 3.",
34,graphrag_pre|maduo_narrative|D2,graphrag_pre,maduo,narrative,D2,D,1,1,1.0,0,1,1,False,"The answer fabricates claims of a possible link between the 2021 Maduo earthquake sequence and human industrial activities, which is not supported by either the catalog or the narrative text. The narrative attributes the sequence to natural tectonic and fluid processes, not industrial activity.",
35,graphrag_post2|maduo_only|C8,graphrag_post2,maduo,only,C8,C,1,1,1.0,1,1,0,True,"The catalog contains 6282 events with depths 10-15 km, so the question is answerable from the data. A refusal in this category scores 1, not 3, per the rubric.",
36,vector_rag|maduo_only|A18,vector_rag,maduo,only,A18,A,1,1,1.0,1,1,0,True,"The answer refuses, but the catalog shows a clear activity initiation in June 2021 (2425 events), so the data could answer this question. Refusal is not appropriate for a Category A question.",
37,vector_rag|ridgecrest_only|E1,vector_rag,ridgecrest,only,E1,E,1,2,1.5,1,0,1,False,"The answer incorrectly claims higher magnitudes (M3.3, M3.6) appear only in the later stage, when in fact the largest events (up to M7.1) are in the early stage. It also misrepresents the magnitude distribution and activity intensity trends.",
38,vector_rag|ridgecrest_only|D5,vector_rag,ridgecrest,only,D5,D,1,1,1.0,3,1,2,True,"The answer correctly refuses, as the catalog contains no information on tectonic stress or its changes. This is the expected and correct response for a Category D question in a catalog-only condition.",
39,graphrag_pre|qiaojia_only|D8,graphrag_pre,qiaojia,only,D8,D,2,2,2.0,1,1,1,False,"The answer discusses historical large earthquakes and their relation to the current sequence, but the catalog contains only events from 2022-08-23 to 2023-03-17 and no historical data. Thus, the central claim is out-of-scope for the catalog and not supported by the ingested data.",
40,graphrag_post2|ridgecrest_only|C2,graphrag_post2,ridgecrest,only,C2,C,2,2,2.0,2,1,0,False,"The answer correctly identifies July 6, 2019 as the main day for M3.0–M4.0 events, but cluster names, counts, and 'Entities/Relationships' are fabricated and not present in the catalog. The central claim is correct, but secondary details are not verifiable.",
41,graphrag_pre|qiaojia_narrative|D17,graphrag_pre,qiaojia,narrative,D17,D,2,2,2.0,2,1,0,False,"The answer correctly states that aftershock zone length/width reflect rupture characteristics, which is supported by the narrative's discussion of spatial clustering and fault geometry. However, it is vague and does not provide specific catalog-based measurements or details that are available, missing an opportunity for precision.",
42,graphrag_post2|qiaojia_only|C15,graphrag_post2,qiaojia,only,C15,C,0,1,0.5,0,0,1,False,"The answer lists events that are not the five largest in the catalog, with fabricated magnitudes and dates. The actual top 5 events are all M3.71 or greater, none of which are correctly listed. Coordinates are missing or incorrect.",
43,graphrag_pre|maduo_narrative|E3,graphrag_pre,maduo,narrative,E3,E,2,2,2.0,2,1,0,False,"The central claim—that there are no obvious quiet periods or sudden activity drops—is correct and consistent with the catalog's steady decline in activity. However, the answer uses the 78,832 event total from the narrative, not the ingested catalog, which is an out-of-scope value.",
44,graphrag_post2|maduo_narrative|D11,graphrag_post2,maduo,narrative,D11,D,1,1,1.0,1,1,0,True,"The narrative text contains discussion of the deep structure and its locking state (e.g., fluids, low-velocity zones, and their relation to rupture), so a refusal is not appropriate. The answer should have drawn from the narrative.",
45,vector_rag|maduo_only|E18,vector_rag,maduo,only,E18,E,1,1,1.0,1,1,0,True,"The answer refuses to answer, but the catalog contains sufficient data to compute and compare event time intervals in different stages. Per the rubric, a refusal in Category E always scores 1.",
46,graphrag_pre|maduo_narrative|C5,graphrag_pre,maduo,narrative,C5,C,0,0,0.0,0,1,0,False,"The answer incorrectly identifies 2021-06-21 and 2021-10-04 as the most active days, but the catalog shows 2021-06-14 is the second most active day with 123 events. The events and coordinates cited do not match the correct day, making the answer fabricated and out-of-scope.",
47,graphrag_post2|qiaojia_narrative|D5,graphrag_post2,qiaojia,narrative,D5,D,2,2,2.0,2,1,0,False,"The answer correctly states that the sequence is related to changes in the regional tectonic stress field, as supported by the narrative. However, it references a Mw 7.7 earthquake, which is not in the catalog and is only mentioned in the narrative as a Myanmar event, making this an out-of-scope value.",
48,graphrag_post2|qiaojia_only|E8,graphrag_post2,qiaojia,only,E8,E,2,2,2.0,2,1,0,False,"The answer correctly identifies multiple peaks and their timing, matching the monthly activity pattern. However, some daily details (event counts, largest magnitudes) are vague or unverifiable, so the answer is not fully precise.",
49,graphrag_pre|ridgecrest_only|E11,graphrag_pre,ridgecrest,only,E11,E,2,2,2.0,2,1,0,False,"The central claim that the sequence can be divided into eruption (burst) and decay periods is supported by the catalog's event rate pattern. However, the answer fabricates specific M4.2 and M4.6 events on July 6, which do not exist in the catalog, and cites non-catalog 'Reports'.",
50,vector_rag|maduo_only|A16,vector_rag,maduo,only,A16,A,1,1,1.0,1,1,0,True,"The answer refuses to provide a count, but the catalog contains 65 events with M≥3.0. For a Category A question, a refusal scores 1 even if the question is difficult.",
51,graphrag_pre|ridgecrest_narrative|C16,graphrag_pre,ridgecrest,narrative,C16,C,2,2,2.0,2,1,0,False,"The answer correctly identifies that the spatial distribution changed during July, especially around July 4 and 6, matching the mainshock and aftershock activity. However, the stated magnitude range for July 4 is incorrect (actual range includes much larger events), so the answer is not fully precise.",
52,vector_rag|ridgecrest_only|B16,vector_rag,ridgecrest,only,B16,B,1,1,1.0,1,1,0,True,"The answer refuses to provide depth-interval event counts, but this information is directly available in the catalog. Per the rubric, a refusal for a Category B question scores 1, not 3.",
53,graphrag_post2|ridgecrest_narrative|A5,graphrag_post2,ridgecrest,narrative,A5,A,2,2,2.0,2,1,0,False,"The answer correctly divides the sequence into foreshock, mainshock, and aftershock phases, matching catalog and narrative. However, it understates aftershock magnitudes (catalog has aftershocks up to M5.5 and M4.9) and foreshock range (catalog has foreshocks up to M6.4). The mainshock date is also off by one day.",
54,vector_rag|maduo_only|B14,vector_rag,maduo,only,B14,B,1,1,1.0,1,1,0,True,"The answer refuses to provide the standard deviation or range of magnitudes, but this information is directly available in the catalog (std 0.47, range M0.5 to M4.7). Per the rubric, a refusal for a statistics question scores 1.",
55,graphrag_pre|qiaojia_only|E3,graphrag_pre,qiaojia,only,E3,E,3,3,3.0,3,1,0,False,"The answer correctly states there are no obvious quiet periods or sudden drops in activity, matching the catalog's continuous event record and high monthly/daily counts. All cited dates are consistent with ongoing activity.",
56,graphrag_post2|ridgecrest_only|D1,graphrag_post2,ridgecrest,only,D1,D,1,1,1.0,3,1,2,True,"The answer correctly refuses to answer a physical mechanism question, as the catalog contains only hypocenter and magnitude data and no mechanism information. This is the expected and correct behavior under the rubric.",
57,graphrag_pre|qiaojia_only|C19,graphrag_pre,qiaojia,only,C19,C,2,2,2.0,2,1,0,False,"The answer correctly identifies that there are repeatedly triggered locations (hotspots) with frequent small events, especially in Dec 2022, and gives plausible coordinates. However, the claim of '66 M1.5 events' is vague and not precisely supported, and the answer could be more specific about spatial clustering.",
58,vector_rag|qiaojia_only|A3,vector_rag,qiaojia,only,A3,A,1,1,1.0,1,1,0,True,"The answer refuses to answer, but the catalog contains detailed magnitude distribution data (mean, median, histogram, etc.), so a refusal is not appropriate for this Category A question.",
59,vector_rag|qiaojia_only|D11,vector_rag,qiaojia,only,D11,D,1,1,1.0,3,1,2,True,"The answer correctly refuses, stating the catalog does not contain information on the deep structure locking state, which matches the rubric for a Category D question in a catalog-only condition.",
60,graphrag_pre|maduo_only|E5,graphrag_pre,maduo,only,E5,E,1,2,1.5,0,0,2,False,"The answer fabricates multiple high-magnitude events (M12+) and dates that do not exist in the catalog, and claims a magnitude range far outside the catalog's actual range (M0.5-M4.7). These are clear fabrications.",
61,graphrag_pre|maduo_only|D5,graphrag_pre,maduo,only,D5,D,1,1,1.0,1,1,0,False,"The answer fabricates a M9.0 event on 2021-09-30 and refers to Mw7.4 events, neither of which exist in the catalog (maximum is M4.7). The central claim about tectonic stress is not supported by the catalog-only data, and the cited events are fabricated.",
62,graphrag_post2|ridgecrest_narrative|B18,graphrag_post2,ridgecrest,narrative,B18,B,2,2,2.0,2,1,0,False,"The answer correctly identifies the week of July 4-10, 2019, as the period of highest seismic activity, which overlaps with the actual busiest ISO week (July 1-7, 2019). However, it does not use the precise ISO week definition, missing full precision. Event descriptions are accurate.",
63,graphrag_post2|qiaojia_only|B9,graphrag_post2,qiaojia,only,B9,B,0,0,0.0,0,1,0,False,"The answer claims only 15 events over 196 days (0.0765/day), but the catalog contains 5218 events over 206.5 days (25.26/day). Both the event count and rate are fabricated and contradict the ground truth.",
64,vector_rag|qiaojia_only|A19,vector_rag,qiaojia,only,A19,A,2,2,2.0,2,1,0,False,"The answer correctly states ongoing activity at the end of the sequence and references March 11, but overstates the maximum magnitude (M2.9 vs actual M2.68). It omits the higher activity and M3+ events in March, so is incomplete but not fabricated.",
65,vector_rag|maduo_only|B7,vector_rag,maduo,only,B7,B,1,1,1.0,1,1,0,True,"The answer refuses to provide the number and timing of M≥3 events, but this information is available in the catalog (65 events, mainly in June-August 2021). Per the rubric, a refusal to answer a Category B question that is answerable from the catalog scores 1.",
66,graphrag_post2|maduo_only|A13,graphrag_post2,maduo,only,A13,A,1,1,1.0,1,1,0,True,"The answer refuses to answer a question that is directly answerable from the catalog (earliest and latest event times). Per the rubric, this scores 1, not 3, for a Category A question.",
67,vector_rag|maduo_only|C13,vector_rag,maduo,only,C13,C,0,0,0.0,0,1,0,False,"The answer incorrectly identifies the largest event as occurring on 2021-06-24 instead of 2021-07-08, and lists events from the wrong dates. All listed events are outside the correct 24-hour window after the actual largest event, making the answer fabricated and out-of-scope.",
68,vector_rag|qiaojia_only|A20,vector_rag,qiaojia,only,A20,A,2,2,2.0,1,1,1,True,"The answer correctly notes high activity in March 2023 and busy days on March 8-9, consistent with the catalog. However, it wrongly refuses to summarize overall characteristics, which are answerable from the catalog (e.g., event counts, magnitude range, depth distribution).",
69,graphrag_pre|ridgecrest_only|B13,graphrag_pre,ridgecrest,only,B13,B,0,0,0.0,0,1,0,False,"The answer does not provide the five closest events to the epicenter as requested, instead listing large events by magnitude and date, some of which do not exist in the catalog as described (e.g., M4.3 on 2019-07-06). This is a fabricated and out-of-scope response.",
70,graphrag_pre|qiaojia_narrative|D15,graphrag_pre,qiaojia,narrative,D15,D,2,2,2.0,2,1,0,False,"The answer correctly states that both instantaneous elastic response and delayed pore pressure diffusion are implicated, consistent with the narrative. However, it adds unverifiable detail about specific magnitudes (M1.6, M1.7) and cites non-existent 'Reports' as data sources, which are embellishments.",
71,graphrag_pre|ridgecrest_narrative|C8,graphrag_pre,ridgecrest,narrative,C8,C,2,2,2.0,2,1,0,False,"The answer correctly identifies specific events within the 10-15 km depth range and gives accurate details, but it omits the fact that there are 513 such events in the catalog, missing the full scope.",
72,graphrag_pre|maduo_only|A13,graphrag_pre,maduo,only,A13,A,1,1,1.0,1,1,0,False,"The answer gives the correct date for the earliest event (2021-06-01), but the latest event is actually on 2023-06-08, not 2023-05-12. The central claim about the latest event is wrong.",
73,graphrag_post2|qiaojia_narrative|C10,graphrag_post2,qiaojia,narrative,C10,C,1,0,0.5,0,0,1,False,"The answer fabricates a Mw 7.7 event as the largest in the catalog, which is not present; the actual maximum is M4.18. All references to aftershocks or clusters related to this fabricated event are thus also fabricated. This is a clear 0.",
74,graphrag_post2|maduo_narrative|D20,graphrag_post2,maduo,narrative,D20,D,2,2,2.0,2,1,0,False,"The answer correctly identifies the KMPJ fault as the main seismogenic fault and notes the roles of the Maduo-Gander and Jiuzhi faults, as well as the complexity of the aftershock sequence, all supported by the narrative. However, it overstates the role of clustering and the Maduo-Gander fault in the aftershock sequence, which is less emphasized in the narrative, and includes some vague statements about clustering and risk not directly grounded in the ingested text.",
75,graphrag_post2|maduo_only|B13,graphrag_post2,maduo,only,B13,B,1,1,1.0,1,1,0,True,"The answer refuses, but the catalog contains all necessary data (coordinates) to compute the five closest events. Per rubric, a refusal to a Category B question scores 1, not 3.",
76,vector_rag|qiaojia_only|C16,vector_rag,qiaojia,only,C16,C,1,1,1.0,1,1,0,True,"The answer refuses, claiming the data cannot answer spatial distribution changes during an active month. However, the catalog contains event locations and monthly counts, so this is answerable. Per rubric, a refusal for a Category C question scores 1.",
77,graphrag_post2|qiaojia_only|D11,graphrag_post2,qiaojia,only,D11,D,1,1,1.0,3,1,2,True,"The answer correctly refuses, as the catalog contains no information about the locking state or deep structure. This is the expected and correct response under the rubric for a catalog-only condition.",
78,graphrag_post2|ridgecrest_narrative|C18,graphrag_post2,ridgecrest,narrative,C18,C,0,1,0.5,0,0,1,False,"The answer fabricates specific event clusters on July 11 and July 12 at 5 km depth, including magnitudes and entity IDs that do not correspond to any catalog events. No such clusters or events are documented in the ground truth or catalog context.",
79,graphrag_post2|ridgecrest_narrative|A14,graphrag_post2,ridgecrest,narrative,A14,A,2,2,2.0,2,1,0,False,"The answer correctly classifies the sequence as mainshock-aftershock, supported by the catalog's M7.1 mainshock and aftershocks. However, it incorrectly states the mainshock occurred on July 4 (it was July 6). The mention of swarm-like behavior is plausible but secondary.",
80,graphrag_post2|maduo_only|A3,graphrag_post2,maduo,only,A3,A,1,1,1.0,1,1,0,True,"This is a refusal to answer a question that is answerable from the catalog (Category A). The catalog provides all necessary magnitude distribution statistics, so a refusal scores 1.",
81,graphrag_pre|maduo_only|C2,graphrag_pre,maduo,only,C2,C,2,1,1.5,1,0,1,False,"The answer incorrectly claims no M3.0-M4.0 events are directly recorded, when the catalog has 59 such events. It also fabricates a July 4 cluster in this range, which is not supported by the catalog. Coordinates given are plausible but not specifically tied to M3.0-M4.0 events.",
82,graphrag_pre|ridgecrest_narrative|D12,graphrag_pre,ridgecrest,narrative,D12,D,3,3,3.0,3,1,0,False,"The answer correctly states that the Ridgecrest sequence is primarily due to natural tectonic processes, consistent with the narrative text. No fabricated or out-of-scope values are present.",
83,graphrag_pre|ridgecrest_narrative|D18,graphrag_pre,ridgecrest,narrative,D18,D,2,2,2.0,2,1,0,False,"The answer correctly identifies complex rupture and possible bifurcations in the Ridgecrest sequence, consistent with the narrative text, but is vague and does not explicitly mention the multifault branching at the rupture termini described in the narrative. No fabricated or out-of-scope values.",
84,vector_rag|maduo_only|B3,vector_rag,maduo,only,B3,B,1,1,1.0,1,1,0,True,"The answer refuses to provide the top 5 events and their times, but this information is present in the catalog. According to the rubric, a refusal to answer a Category B question that is answerable from the catalog scores 1.",
85,graphrag_post2|ridgecrest_narrative|E18,graphrag_post2,ridgecrest,narrative,E18,E,2,2,2.0,2,1,0,False,"The answer correctly describes that event intervals are shorter in the initial phase and lengthen in later stages, matching the catalog's statistics. However, it adds unverifiable details about specific clusters and numbers of events in clusters, which are not directly supported by the catalog data.",
86,graphrag_pre|maduo_only|B3,graphrag_pre,maduo,only,B3,B,0,0,0.0,0,1,0,False,"All listed magnitudes (11.9, 11.8, 11.4, 11.3, 7.4) are fabricated and do not exist in the catalog (max M4.7). The date 2021-05-22 is outside the catalog span. No answer elements match the catalog's top events.",
87,vector_rag|qiaojia_only|C10,vector_rag,qiaojia,only,C10,C,1,1,1.0,1,1,0,True,"This is a refusal to answer a question that is answerable from the catalog (Category C). The catalog contains sufficient information to identify events related to the largest event (e.g., by time or distance). Per the rubric, such refusals score 1.",
88,graphrag_post2|ridgecrest_only|D12,graphrag_post2,ridgecrest,only,D12,D,1,1,1.0,3,1,2,True,"The answer correctly refuses to answer a mechanism question, as the catalog contains only hypocenter and magnitude data and no information on tectonic or anthropogenic causes.",
89,graphrag_pre|ridgecrest_narrative|B18,graphrag_pre,ridgecrest,narrative,B18,B,2,2,2.0,2,1,0,False,"The answer correctly identifies the week containing July 6 as the period of most frequent seismic activity, consistent with the catalog's busiest week (July 1-7). However, it is vague about the exact week and includes some unnecessary detail, missing the precise ISO week definition.",
90,graphrag_pre|qiaojia_narrative|B13,graphrag_pre,qiaojia,narrative,B13,B,1,1,1.0,1,1,0,False,"The answer does not provide the five closest events to the reference point as required. Instead, it lists days with multiple events and vague magnitude ranges, not the specific closest events. No fabricated data, but the central claim is not fulfilled.",
91,graphrag_post2|maduo_narrative|C12,graphrag_post2,maduo,narrative,C12,C,1,0,0.5,0,0,1,False,"The answer fabricates a Mw 7.4 mainshock within the catalog, an aftershock count (78,832) not present in the catalog, and cites external datasets not in the ingested data. These are clear fabrications and out-of-scope values.",
92,vector_rag|qiaojia_only|D2,vector_rag,qiaojia,only,D2,D,1,1,1.0,3,1,2,True,"The answer correctly refuses, as the catalog contains no information on industrial activity or mechanisms. This is the expected and correct response under the rubric for a catalog-only condition.",
93,graphrag_pre|qiaojia_narrative|C8,graphrag_pre,qiaojia,narrative,C8,C,1,0,0.5,0,0,1,False,"All events listed are fabricated: their dates (2017-2021) are outside the catalog span (2022-08-23 to 2023-03-17), and their magnitudes (M4.5-5.2) exceed the catalog maximum (M4.18). No such events exist in the ingested catalog.",
94,graphrag_post2|qiaojia_only|E12,graphrag_post2,qiaojia,only,E12,E,1,1,1.0,0,1,1,False,"The answer fabricates the dates and magnitudes of the maximum events in both halves, naming events that are not the largest in their respective periods. This is a clear contradiction of the catalog facts.",
95,vector_rag|maduo_only|D18,vector_rag,maduo,only,D18,D,3,3,3.0,3,1,0,True,"The answer correctly refuses, as the catalog contains no information on rupture geometry or bifurcation features. This is the appropriate response under the rubric for a catalog-only condition.",
96,graphrag_post2|maduo_narrative|E7,graphrag_post2,maduo,narrative,E7,E,1,1,1.0,1,1,0,True,"The catalog provides sufficient data to answer the question about depth distribution changes between early and late stages. A refusal to answer is not appropriate for a Category E question, which is answerable from the catalog.",
97,graphrag_post2|ridgecrest_only|E10,graphrag_post2,ridgecrest,only,E10,E,2,2,2.0,2,1,0,False,"The answer correctly describes the sequence as dominated by aftershocks with declining magnitudes, consistent with the catalog. However, claims about 'independent events' and specific clusters (e.g., July 8) are speculative, as the catalog does not classify event types or provide evidence for independence. Thus, secondary interpretive errors reduce the score to 2.",
98,graphrag_post2|maduo_narrative|E11,graphrag_post2,maduo,narrative,E11,E,2,2,2.0,1,1,1,True,"The answer refuses to classify the sequence into 'eruption' and 'decay' periods, but the catalog's monthly counts clearly support such a division (initial burst then decay). The refusal is not appropriate for a Category E question, but the answer does not fabricate or use out-of-scope values.",
99,vector_rag|ridgecrest_only|A18,vector_rag,ridgecrest,only,A18,A,2,2,2.0,2,1,0,False,"The answer correctly identifies a clear activity initiation, but incorrectly states the main activity as 7/6-7/11, omitting the initial burst on 7/4 and the peak on 7/6-7/7. It also wrongly claims the data is only a partial sequence. Central claim is correct but details are imprecise.",
100,graphrag_pre|qiaojia_narrative|B16,graphrag_pre,qiaojia,narrative,B16,B,1,1,1.0,1,1,0,False,"The answer incorrectly claims that 0-10 km has the most events and 10-20 km is less active, while the catalog shows 10-20 km has the most events (3119), 0-10 km has 1729, and 20+ km has 370. The qualitative ranking is wrong, so the central claim is incorrect.",
101,graphrag_pre|ridgecrest_narrative|C17,graphrag_pre,ridgecrest,narrative,C17,C,1,1,1.0,1,1,0,False,"The answer does not list the ten earliest events as requested, instead providing vague daily summaries and generic magnitude ranges. It omits the required specific event details (times, magnitudes, locations) that are available in the catalog. Central claim (listing the ten earliest events) is missing.",
102,graphrag_pre|maduo_only|A16,graphrag_pre,maduo,only,A16,A,1,2,1.5,1,0,1,False,"The answer does not provide the correct count (65) and lists a fabricated M3.6 event on 2021-09-30 (largest is M2.1). It also mislabels M1.5 as '中等以上' (M≥3). Only the 2022-11-30 M3.1 event is correct. Thus, the central claim is not correct and fabricated records are present.",
103,graphrag_pre|maduo_only|E19,graphrag_pre,maduo,only,E19,E,0,0,0.0,0,1,0,False,"The answer fabricates multiple large-magnitude events (M12.0, M8.1, M9.1, M7.1) and dates (2021-09-30) that do not exist in the catalog, whose maximum magnitude is M4.7. These are not supported by the ground truth and contradict the catalog context.",
104,vector_rag|qiaojia_only|D4,vector_rag,qiaojia,only,D4,D,3,3,3.0,3,1,0,True,"The answer correctly refuses, as the catalog contains no information on Omori decay or aftershock decay characteristics. This is the expected and correct behavior for a catalog-only condition for a mechanism question.",
105,graphrag_pre|maduo_only|A3,graphrag_pre,maduo,only,A3,A,0,0,0.0,0,1,0,False,"The answer fabricates extremely large magnitudes (M7.1-M12.9) and specific dates/events that do not exist in the catalog, which only contains events up to M4.7. These are not supported by the ingested data and contradict the ground truth.",
106,graphrag_pre|maduo_only|C13,graphrag_pre,maduo,only,C13,C,1,1,1.0,1,1,0,False,"The answer incorrectly lists events from November 2021, which are not within 24 hours after the largest event in July 2021. This is a fabricated claim about the timing of aftershocks. The correct number is 127 events within 24 hours after 2021-07-08 13:23:23.",
107,graphrag_pre|maduo_only|B11,graphrag_pre,maduo,only,B11,B,1,1,1.0,1,1,0,True,"The answer refuses to answer, but the catalog provides the mean depth (10.29 km), so a refusal is not appropriate for this Category B question. Per the rubric, this scores 1.",
108,graphrag_post2|maduo_only|E9,graphrag_post2,maduo,only,E9,E,1,1,1.0,1,1,0,True,"This is a category E question, which is answerable from the catalog data (event rates over time). A refusal to answer scores 1, not 3, per the rubric.",
109,graphrag_pre|qiaojia_narrative|A6,graphrag_pre,qiaojia,narrative,A6,A,2,2,2.0,2,1,0,False,"The answer correctly states the duration (~7 months) and that the spatial extent is broad, with coordinates matching the catalog's range. However, it omits the precise spatial extent (162.9 km N-S by 96.0 km E-W) and exact duration in days, which were available. Thus, score 2 for correct central claim but missing catalog precision.",
110,vector_rag|ridgecrest_only|D10,vector_rag,ridgecrest,only,D10,D,3,3,3.0,3,1,0,True,"The answer correctly refuses, as the catalog contains only hypocenter and magnitude data and does not label or define seismic gaps or quiet zones. This is the appropriate response per the rubric for a Category D question in a catalog-only condition.",
111,vector_rag|qiaojia_only|A9,vector_rag,qiaojia,only,A9,A,2,2,2.0,2,1,0,False,"The answer correctly notes spatial concentration, which is supported by the relatively limited spatial extent of the catalog. However, it hedges by saying more data is needed for a full analysis, which is unnecessary given the catalog covers the region. Minor vagueness prevents a 3.",
112,graphrag_post2|qiaojia_only|A3,graphrag_post2,qiaojia,only,A3,A,2,2,2.0,2,1,0,False,"The answer correctly describes the predominance of low-magnitude events and the general shape of the magnitude distribution, but gives an incorrect magnitude range (M-0.2 to M4.2 instead of M-0.91 to M4.18). Clustering is not a magnitude distribution property but is not fabricated.",
113,graphrag_post2|maduo_only|E13,graphrag_post2,maduo,only,E13,E,1,1,1.0,1,1,0,True,"The answer refuses, but the catalog contains sufficient data (event times, counts) to assess phased or periodic characteristics. Per rubric, a refusal to answer a Category E question that is answerable from the catalog scores 1.",
114,vector_rag|maduo_only|E20,vector_rag,maduo,only,E20,E,1,1,1.0,1,1,0,True,"The answer refuses to answer, but the catalog contains sufficient data (event times, rates, magnitudes) to divide the sequence into stages and describe their features. Per the rubric, a refusal in category E scores 1, not 3.",
115,graphrag_post2|qiaojia_narrative|B5,graphrag_post2,qiaojia,narrative,B5,B,1,1,1.0,1,1,0,True,"The catalog provides the median magnitude (M1.35), so a refusal is not appropriate for this Category B question. The answer should have provided the value; thus, it scores 1.",
116,graphrag_post2|qiaojia_narrative|A1,graphrag_post2,qiaojia,narrative,A1,A,2,2,2.0,2,1,0,False,"The answer correctly describes clustering and temporal peaks, matching catalog trends. However, it includes unverifiable specifics (e.g., event counts, distances) not supported by the ground truth, so it cannot score a 3.",
117,vector_rag|qiaojia_only|E2,vector_rag,qiaojia,only,E2,E,1,1,1.0,1,1,0,True,"The answer refuses, but the catalog contains full spatial and temporal data, so a spatial migration trend is answerable. Per rubric, a refusal to a Category E question scores 1, not 3.",
118,vector_rag|maduo_only|E7,vector_rag,maduo,only,E7,E,1,1,1.0,1,1,0,True,"The catalog contains sufficient data to compare early and late stage depth distributions (mean depths are available), so a refusal is not appropriate for this question category.",
119,graphrag_pre|qiaojia_only|E9,graphrag_pre,qiaojia,only,E9,E,2,2,2.0,2,1,0,False,"The central claim that seismic activity increased is correct and supported by the catalog. The answer correctly references increased activity in early 2023 and specific events. However, it includes vague statements about risk and instability not directly supported by the catalog, so score is 2.",
120,vector_rag|ridgecrest_only|D15,vector_rag,ridgecrest,only,D15,D,3,3,3.0,3,1,0,True,"The answer correctly refuses, stating the catalog does not contain information on triggering mechanisms, which matches the rubric for a Category D question in a catalog-only condition.",
121,vector_rag|ridgecrest_only|B7,vector_rag,ridgecrest,only,B7,B,1,2,1.5,1,0,1,True,"The answer wrongly claims the M≥3 count cannot be determined (should be 686), and lists fabricated events (e.g., M4.4 at 04:52:17.840, M5.0 at 03:50:59.650) not present in the catalog. The date range is correct, but the refusal and fabrications lower the score.",
122,graphrag_post2|qiaojia_narrative|B6,graphrag_post2,qiaojia,narrative,B6,B,0,0,0.0,0,1,0,False,"The answer fabricates days with only one event, while the ground truth shows the minimum is two events on 2022-10-07 and no days with only one event. This is a clear contradiction.",
123,graphrag_pre|ridgecrest_narrative|E20,graphrag_pre,ridgecrest,narrative,E20,E,2,2,2.0,2,1,0,False,"The answer correctly divides the sequence into foreshock (M6.4, M5.4), mainshock (M7.1), and aftershock phases, consistent with the catalog. However, it introduces a 'continued small event' stage after 7/7, which is not a distinct phase in the catalog, and references unverifiable 'Reports' and durations ('weeks to months') not supported by the catalog's 12-day span.",
124,graphrag_post2|maduo_only|C3,graphrag_post2,maduo,only,C3,C,1,1,1.0,1,1,0,True,"This is a refusal to answer a Category C (sequence summary) question, which is answerable from the catalog. Per the rubric, such refusals always score 1, not 3, even if the question is difficult or subjective.",
125,graphrag_post2|qiaojia_only|D9,graphrag_post2,qiaojia,only,D9,D,3,3,3.0,3,1,0,True,"The catalog-only condition contains no information about fault orientations or spatial alignment with faults, so refusal is correct under the rubric.",
126,graphrag_post2|ridgecrest_narrative|B5,graphrag_post2,ridgecrest,narrative,B5,B,1,1,1.0,1,1,0,True,"The answer refuses to provide the median magnitude, but the catalog contains this information (M2.38). For a Category B question, a refusal always scores 1, not 3, even if the question is hard or the answer claims the data is missing.",
127,vector_rag|ridgecrest_only|B9,vector_rag,ridgecrest,only,B9,B,1,1,1.0,1,1,0,True,"The answer refuses to answer, claiming the catalog is incomplete, but the catalog contains all data needed to compute the daily average. Per rubric, a refusal for a statistics question scores 1.",
128,vector_rag|maduo_only|C15,vector_rag,maduo,only,C15,C,1,1,1.0,1,1,0,True,"The answer refuses to provide the five largest events and their coordinates, but this information is directly available in the catalog. According to the rubric, a refusal to answer a Category C question that is answerable from the catalog scores 1.",
129,graphrag_pre|ridgecrest_narrative|A19,graphrag_pre,ridgecrest,narrative,A19,A,2,2,2.0,2,1,0,False,"The answer correctly describes high activity at the end of the sequence, referencing the M7.1 mainshock and ongoing aftershocks. However, it focuses on July 6-8 rather than the very end (July 16), missing the drop-off in activity, so it is somewhat vague and omits precise end-of-sequence statistics.",
130,graphrag_post2|qiaojia_narrative|C15,graphrag_post2,qiaojia,narrative,C15,C,0,0,0.0,0,1,0,False,"The answer fabricates a Mw 7.7 event and incorrectly lists M2.6, M2.5, M2.3, and M2.2 as the largest events, all contradicted by the catalog, which has a maximum of M4.18 and 30 events M>=3. The answer also falsely claims coordinates are unavailable.",
131,graphrag_post2|ridgecrest_only|D15,graphrag_post2,ridgecrest,only,D15,D,1,1,1.0,3,1,2,True,"Correct refusal: the catalog contains only hypocenter and magnitude data, and does not include information on triggering mechanisms or physical processes. Refusal is appropriate and fully correct under the rubric for Category D in catalog-only conditions.",
132,graphrag_pre|qiaojia_only|B2,graphrag_pre,qiaojia,only,B2,B,0,0,0.0,0,1,0,False,"The answer fabricates events and magnitudes (M31.76, M10.4, M3.4 on 2022-12-29) not present in the catalog, and misidentifies the largest event (should be 2022-10-18 M4.18). Multiple dates and magnitudes contradict the catalog.",
133,vector_rag|qiaojia_only|E5,vector_rag,qiaojia,only,E5,E,1,1,1.0,1,1,0,True,"The answer refuses to answer a question about temporal change in magnitude distribution, which is answerable from the catalog data. Per the rubric, such refusals in category E always score 1, not 3.",
134,vector_rag|ridgecrest_only|C10,vector_rag,ridgecrest,only,C10,C,1,1,1.0,1,1,0,True,"The answer refuses, but the catalog contains sufficient data to identify aftershocks of the largest event (by time and proximity). Refusal is not appropriate for a Category C question; correct score is 1.",
135,vector_rag|maduo_only|B9,vector_rag,maduo,only,B9,B,1,1,1.0,1,1,0,True,"The answer refuses to answer, but the catalog contains enough data to compute the mean daily rate (14.4 events/day). Per rubric, a refusal to a Category B question scores 1.",
136,graphrag_pre|ridgecrest_only|E12,graphrag_pre,ridgecrest,only,E12,E,1,1,1.0,0,1,1,False,"The answer reverses the actual sequence: the M7.1 event is in the first half, not the second, and the largest in the second half is only M4.9. It also fabricates a spatial shift toward Los Angeles County, which is not supported by the catalog.",
137,graphrag_pre|qiaojia_only|C13,graphrag_pre,qiaojia,only,C13,C,1,1,1.0,1,1,0,False,"The answer incorrectly describes events on 2022-12-03 as occurring within 24 hours after the largest event (2022-10-18), which is factually wrong. It also fabricates an M2.6 event on 2022-12-03, which does not exist in the catalog.",
138,vector_rag|maduo_only|D16,vector_rag,maduo,only,D16,D,3,3,3.0,3,1,0,True,"The answer correctly refuses, as the catalog contains no information on fault geometry, dip, or strike. This is the expected and correct response for a catalog-only condition for a Category D question.",
139,graphrag_post2|ridgecrest_narrative|A9,graphrag_post2,ridgecrest,narrative,A9,A,2,2,2.0,2,1,0,False,"The answer's central claim—that seismicity is spatially concentrated and clustered—is correct and supported by both the catalog and narrative. However, the cited cluster distances and 'Reports' are unverifiable embellishments, so the answer is not fully precise or grounded in the ingested data.",
140,graphrag_post2|ridgecrest_only|C10,graphrag_post2,ridgecrest,only,C10,C,1,1,1.0,1,1,0,True,"The answer refuses, but the catalog contains sufficient information (timing, location, magnitude) to identify aftershocks of the largest event. Per the rubric, a refusal in Category C scores 1, not 3.",
141,vector_rag|maduo_only|A19,vector_rag,maduo,only,A19,A,1,1,1.0,1,1,0,False,"The answer incorrectly identifies the end of the sequence as June 2021, but the catalog continues to June 2023. The described activity level and last event are out-of-scope for the catalog's actual end, making the central claim wrong for the question asked.",
142,vector_rag|qiaojia_only|E4,vector_rag,qiaojia,only,E4,E,1,1,1.0,1,1,0,True,"The answer refuses to compare the first and last months, claiming the data is insufficient. However, the catalog provides event counts and allows direct comparison, so a refusal is not appropriate for this question type.",
143,graphrag_pre|maduo_narrative|E9,graphrag_pre,maduo,narrative,E9,E,0,0,0.0,0,1,0,False,"The answer fabricates a Mw9.0 event (not in the catalog) and uses an out-of-catalog event total (78,832) as if it were catalog fact. These are severe factual errors. The correct trend (decreasing activity) is present, but the fabricated and out-of-scope values require a score of 0.",
144,graphrag_post2|maduo_narrative|A4,graphrag_post2,maduo,narrative,A4,A,1,1,1.0,1,1,0,False,"The answer uses out-of-catalog values (78,832 aftershocks, M7.4, depth 3-15 km) as if they are catalog facts, contradicting the ground truth. It does not correctly describe the trend: the catalog shows a clear decrease in activity over time, but the answer equivocates. Fabricated and out-of-scope values lower the score.",
145,graphrag_post2|qiaojia_narrative|E3,graphrag_post2,qiaojia,narrative,E3,E,2,2,2.0,2,1,0,False,"The answer correctly states there are no obvious quiet periods or sudden drops in activity, consistent with the catalog's continuous event record and monthly counts. However, it is vague and could have cited the lowest-activity months or days for precision.",
146,vector_rag|maduo_only|E10,vector_rag,maduo,only,E10,E,1,1,1.0,1,1,0,True,"The answer refuses, but the catalog contains sufficient data (event times, magnitudes, counts) to analyze changes in earthquake types over time. A refusal in Category E always scores 1, not 3.",
147,vector_rag|ridgecrest_only|E20,vector_rag,ridgecrest,only,E20,E,1,1,1.0,1,1,0,True,"The answer refuses to answer a question about the evolution/stages of the sequence, which is answerable from the catalog data (event times, magnitudes, rates). Per the rubric, such refusals in category E always score 1.",
148,graphrag_post2|qiaojia_only|B1,graphrag_post2,qiaojia,only,B1,B,0,0,0.0,0,1,0,False,"The answer incorrectly identifies December 26, 2022 as the day with the highest event count (36), while the actual busiest day is 2023-03-08 with 169 events. Other daily counts given are also unsupported by the catalog. Multiple fabricated daily counts.",
149,graphrag_post2|maduo_narrative|A5,graphrag_post2,maduo,narrative,A5,A,0,1,0.5,0,0,1,False,"The answer fabricates a mainshock (Mw 7.4, 2021-05-22) not present in the catalog and divides phases based on this fabricated event. The catalog starts after this date and contains no such event, making the answer's central claims fabricated and out-of-scope.",
150,vector_rag|qiaojia_only|A7,vector_rag,qiaojia,only,A7,A,1,1,1.0,1,1,0,True,"The answer refuses to give a trend, claiming the data is only a subset, but the catalog contains the full time series and monthly counts. A refusal in Category A is not allowed; the system should have described the trend using the available data.",
