system,condition,qid,score,judge,answer_excerpt
graphrag_post,maduo_narrative,C3,0,"The answer describes foreshocks, a Mw7.4 mainshock on 2021-05-22, and aftershocks with Mw5.0-6.0, none of which are present in the ingested catalog. All these events and magnitudes are fabricated rela",### 2021年青海玛多Mw7.4地震序列概述  2021年5月22日，青海玛多地区发生了一次Mw7.4的强震，这次地震序列包括前震、主震和余震。以下是对这些地震的时间顺序和特征的详细分析。  #### 前震  在主震发生之前，玛多地区经历了一些前震。根据数据，前震的发生时间和震中位置为：  - **前震1**：发生在主震前的几天，震中位于玛多地区，震级较小，通常在Mw5.0到Mw6.0之间。 - **前震2**：在主震前的几小时内发生，震级接近Mw6.0，可能引起了当地居民的警觉。  这些前震为主震的到来提供了预警信号，尽管它们的震级相对较低。  #### 主震  主震发生在2021年5月
graphrag_post,maduo_narrative,C4,0,"The answer claims events occurred on 2021-05-22, 2021-05-23, and 2021-05-24, but the catalog starts on 2021-06-01 and contains no events on those dates. These are fabricated records and out-of-scope v",根据提供的数据，2021年青海玛多Mw7.4地震序列中，距离震中最近的几次事件的发生时间如下：  1. **2021年5月22日** - 这次事件是距离震中最近的一个事件。 2. **2021年5月23日** - 紧接着发生的第二次事件。 3. **2021年5月24日** - 这是第三次发生的事件。  这些事件显示了在主震后不久的时间内，区域内的余震活动情况。余震是指在主震后发生的较小规模的地震，通常会在主震之后的几天或几周内发生，反映了地壳的调整过程。  如果需要更详细的信息或其他相关数据，请告知！
graphrag_post,maduo_narrative,C7,0,"The answer fabricates events (mainshock and aftershocks) with dates and magnitudes not present in the catalog, including the Mw 7.4 mainshock and several large aftershocks in May 2021. All these event",根据提供的数据，2021年青海玛多Mw7.4地震序列震中附近5公里范围内发生了一系列具体的地震事件。这些事件的详细信息如下：  ### 主要地震事件  1. **主震**：    - **时间**：2021年5月22日    - **震中位置**：青海玛多    - **震中深度**：约10公里    - **震级**：Mw 7.4  2. **余震**：    - 在主震之后的几天内，震中附近发生了多次余震，震级范围从Mw 4.0到Mw 6.0不等。这些余震的具体时间和震级如下：      - **Mw 6.0**：2021年5月22日，震中深度约8公里      - **Mw 5.5**：
graphrag_post,maduo_only,B7,0,"The answer claims only 4 M≥3 events, all on 2021-05-22/23, but the catalog contains 65 such events, none on those dates (catalog starts 2021-06-01). Dates and event counts are fabricated and out of sc","在2021年青海玛多Mw7.4地震序列中，M≥3的事件总共有4次。这些事件主要发生在2021年5月22日至5月23日之间[Data: Reports (1, 4)].   具体而言，5月22日发生了Mw7.4的主震，随后在5月22日和5月23日之间又发生了两次M≥3的余震[Data: Reports (1, 4)].   因此，可以确认在该地震序列中，M≥3的事件集中在这两天内。"
graphrag_post,maduo_only,C1,0,"The answer gives fabricated events (Mw 6.4, 5.9, 5.5) on 2021-05-22, a date before the catalog starts and with no events in the catalog. The actual busiest day is 2021-07-24 with only small events. Al",根据提供的数据，2021年青海玛多Mw7.4地震序列活动最密集的那一天是2021年5月22日。在这一天，记录了多个地震事件，具体包括：  1. **Mw 6.4 地震** - 发生在2021年5月22日，震中位于玛多县，深度为10公里。 2. **Mw 5.9 地震** - 同样发生在2021年5月22日，震中也在玛多县，深度为8公里。 3. **Mw 5.5 地震** - 发生在2021年5月22日，震中在玛多县，深度为12公里。  这些地震事件之间存在一定的关联性。通常情况下，较大的主震（如Mw 7.4）会引发一系列余震和相关的地震活动，这种现象在地震序列中是常见的。根据地震学的理论，主震
graphrag_post,maduo_only,C4,0,"The answer lists events on 2021-05-22, 2021-05-23, and 2021-05-24, but the catalog starts on 2021-06-01 and contains no events on those dates. These are fabricated records and out-of-scope values, so ",根据提供的数据，2021年青海玛多Mw7.4地震序列中，距离震中最近的几次事件的发生时间如下：  1. **2021年5月22日** - 该事件的震中距离Mw7.4地震震中较近。 2. **2021年5月23日** - 这一天也记录了一次与主震空间关联的事件。 3. **2021年5月24日** - 该日期再次发生了一次与主震相关的事件。  这些事件的发生时间表明，在主震发生后的几天内，周围地区仍然经历了显著的余震活动。这种现象在强震后是常见的，通常是由于地壳的应力重新分布所引起的。  如果需要更详细的信息或具体的事件记录，请告知。
graphrag_post,qiaojia_only,C4,0,"The answer lists events on 2021-03-15, 2021-04-10, and 2021-05-22, but the catalog starts on 2022-08-23 and contains no events on those dates. These are fabricated records outside the catalog's time s",根据提供的数据，巧家—东川地震空区距离震中最近的几次事件的发生时间如下：  1. **事件1**：发生在2021年3月15日。 2. **事件2**：发生在2021年4月10日。 3. **事件3**：发生在2021年5月22日。  这些事件的时间表明，在巧家—东川地震空区附近，最近的几次地震活动集中在2021年的春季和初夏。这些信息可以帮助我们理解该地区的地震活动模式及其潜在的空间关联性。  如果您需要更详细的信息或其他相关数据，请告知我！
graphrag_post,ridgecrest_only,C13,1,"The answer misdates the largest event as July 5 instead of July 6, so its 24-hour window is wrong. It does not provide the correct event count (1890) or the correct date range. No fabricated events, b",### Ridgecrest地震序列概述  2019年Ridgecrest地震序列是美国加利福尼亚州的一次重要地震活动，包含多个震中相对接近的地震事件。该序列的最大震级事件发生在2019年7月5日，震中位于Ridgecrest地区。此后，地震序列中记录了多次后续事件。  ### 最大震级事件后的24小时内的后续事件  在2019年7月5日的最大震级事件发生后的24小时内，记录了多个后续地震事件。这些后续事件的震中和震级各不相同，显示出地震序列的活跃性。具体的后续事件包括：  - **7月5日**：在最大震级事件发生后，紧接着记录了几次较小的余震。 - **7月6日**：在此日期内，继续记录到多
graphrag_post2,luding_only,A1,0,The answer fabricates a M6.8 event and misstates the largest event as M3.7 on Sep 7 (actual is M4.5 on Sep 5). Event counts for specific days are also fabricated. The magnitude range is incorrect. The,"The seismic activity in the 2022 Sichuan Luding M6.8 earthquake sequence exhibits several notable spatiotemporal distribution characteristics, reflecting a complex interplay of geological processes in the region.  ### Clustering of Events The seismic events are characterized by multiple clusters occ"
graphrag_post2,luding_only,A4,1,"The answer wrongly claims the data is insufficient to determine a trend, despite the catalog's clear decreasing activity. It also references an M6.8 event not present in the catalog and fabricated rep","### Overview of Seismic Activity in the 2022 Sichuan Luding Earthquake Sequence  The analysis of seismic activity in the Sichuan region, particularly surrounding the M6.8 earthquake that occurred in 2022, reveals multiple clusters of seismic events from September 4 to November 11, 2022. These cluste"
graphrag_post2,luding_only,A5,0,"The answer refers to an M6.8 mainshock, which does not exist in the catalog (catalog max is M4.5), and describes phases based on this fabricated event. This is a fabricated value and out-of-scope for ","The seismic activity in the 2022 Sichuan Luding M6.8 earthquake sequence can be divided into three distinct phases: the foreshock phase, the mainshock phase, and the aftershock phase. Each phase exhibits unique characteristics that reflect the evolving seismic behavior in the region.  ### 1. Foresho"
graphrag_post2,maduo_narrative,A2,0,"The answer fabricates a M7.4 event in the catalog (max is M4.7), gives an incorrect time range, and wrongly claims the total event count is unspecified. All central claims are contradicted by the cata","### Time Range  The time range of the recorded events in the 2021 Qinghai Maduo Mw 7.4 earthquake sequence spans from early June 2021 to late February 2022. This indicates a prolonged period of seismic activity following the main event, which occurred on May 22, 2021. Additionally, significant activ"
graphrag_post2,maduo_narrative,A5,0,"The answer fabricates a mainshock (Mw 7.4, 2021-05-22) not present in the catalog and divides phases based on this fabricated event. The catalog starts after this date and contains no such event, maki","The seismic activity in the 2021 Qinghai Maduo Mw 7.4 earthquake sequence can be divided into three main phases: the mainshock phase, the aftershock phase, and the post-aftershock phase. Each of these phases exhibits distinct characteristics that are crucial for understanding the overall seismic beh"
graphrag_post2,maduo_narrative,A7,1,"The answer uses out-of-catalog values (78,832 aftershocks, May 22 mainshock) as if they were catalog facts, and incorrectly claims a lack of detailed temporal data, despite the catalog providing month","### Overview of Seismic Activity in the Maduo Earthquake Sequence  The seismic activity following the Maduo Mw 7.4 earthquake, which occurred on May 22, 2021, has been characterized by a significant number of aftershocks and clusters of events. The data indicates a complex pattern of seismic activit"
graphrag_post2,maduo_only,B3,0,"The answer lists a mainshock and foreshock (Mw7.4, Mw6.4) on dates before the catalog begins, and magnitudes not present in the catalog. These are fabricated for this catalog. Only the M4.7 and M4.3 e","The top 5 events in the 2021 Qinghai Maduo Mw 7.4 earthquake sequence, arranged by magnitude from largest to smallest, are as follows:  1. **Mainshock**: Magnitude Mw 7.4, occurred on May 22, 2021, at 02:04:00 UTC. [Data: Reports (0)] 2. **Foreshock**: Magnitude Mw 6.4, occurred on May 21, 2021, at "
graphrag_post2,ridgecrest_narrative,A1,2,"The answer correctly describes the spatiotemporal clustering, magnitude range, and overall distribution, but misdates the M7.1 mainshock to July 5 (should be July 6). Cluster-level details are plausib","The seismic activity in the 2019 Ridgecrest earthquake sequence exhibits several notable spatiotemporal distribution characteristics, reflecting a complex interplay of geological forces in the region. The analysis of the data reveals patterns of clustering, rapid succession of events, and variabilit"
graphrag_post2,ridgecrest_narrative,A3,1,"The answer fabricates a minimum magnitude of 0.2 (catalog min is M2.0) and gives the wrong date for the M7.1 mainshock (July 6, not July 4). It also references events below M2.0, which do not exist in","### Overview of the Magnitude Distribution in the 2019 Ridgecrest Earthquake Sequence  The 2019 Ridgecrest earthquake sequence is characterized by a diverse range of seismic activity, with recorded magnitudes spanning from as low as 0.2 to as high as 7.1. This broad spectrum indicates a significant "
graphrag_post2,ridgecrest_narrative,A4,2,"The answer correctly describes bursts of activity and variability, consistent with the catalog's spikes after the mainshocks. However, it incorrectly dates the M7.1 mainshock to July 5 (it was July 6 ","### Overview of Seismic Activity in the 2019 Ridgecrest Earthquake Sequence  The analysis of seismic activity during the 2019 Ridgecrest earthquake sequence, particularly from July 4 to July 16, 2019, reveals multiple clusters of seismic events, indicating periods of heightened activity. However, th"
graphrag_post2,ridgecrest_only,A5,2,"The division into foreshock, mainshock, and aftershock phases is reasonable and consistent with the catalog. However, the answer incorrectly claims a M7.1 event on July 5, which does not exist in the ","The seismic activity in the 2019 Ridgecrest earthquake sequence can be divided into three distinct phases: the foreshock phase, the mainshock phase, and the aftershock phase. Each phase exhibits unique characteristics in terms of event magnitude, timing, and clustering.  ### 1. Foreshock Phase The f"
graphrag_post2,ridgecrest_only,E9,2,"The answer correctly states that seismic activity decreased after the initial peak, consistent with the catalog's event rates and maximum magnitudes. However, it focuses on maximum magnitude rather th","### Overview of Seismic Activity in the 2019 Ridgecrest Earthquake Sequence  The analysis of the 2019 Ridgecrest earthquake sequence indicates a complex pattern of seismic activity characterized by multiple clusters of events occurring over a span of time from July 4 to July 16, 2019. The data refle"
graphrag_post2,ridgecrest_only,E12,1,"The answer gives the correct first half maximum event, but fabricates the second half maximum (wrong date, magnitude, and event). It also uses the wrong date ranges for the halves and invents clusters","The analysis of the 2019 Ridgecrest earthquake sequence reveals notable differences in the location of the maximum magnitude events between the first half and the second half of the sequence.  ### First Half of the Sequence In the first half of the sequence, which spans from July 4 to July 6, 2019, "
graphrag_pre,luding_only,A1,0,"The answer repeatedly fabricates large-magnitude events (M6.8, M6.1, M7.3, etc.) and assigns them to dates and coordinates not supported by the catalog. The actual largest event is M4.5. The central c",## Overview of Seismic Activity in the 2022 Sichuan Luding M6.8 Earthquake Sequence  The seismic activity in the 2022 Sichuan Luding M6.8 earthquake sequence exhibits distinct spatiotemporal distribution characteristics that reflect a complex interplay of geological processes. This analysis focuses 
graphrag_pre,luding_only,A2,0,"The answer fabricates the largest magnitude (M6.8, M6.7, M7.3), undercounts events (20 vs 8061), and gives a wrong time range. All central claims contradict the catalog.","## Overview of the 2022 Sichuan Luding M6.8 Earthquake Sequence  The 2022 Sichuan Luding earthquake sequence is characterized by a significant range of seismic activity, including notable magnitudes and a concentrated time frame of events. Below, we summarize the key findings regarding the time rang"
graphrag_pre,luding_only,A3,0,"The answer repeatedly cites fabricated or out-of-scope magnitudes (M6.8, M6.7, M6.89, 4.61, 5.85, 7.69) as if they are present in the catalog, contradicting the ground truth. No such events exist in t","## Overview of the Magnitude Distribution in the 2022 Sichuan Luding Earthquake Sequence  The 2022 Sichuan Luding earthquake sequence is characterized by a diverse range of seismic events, with magnitudes varying significantly from minor tremors to major earthquakes. The most notable event in this s"
graphrag_pre,maduo_narrative,A1,0,"The answer uses out-of-catalog values: the mainshock date (2021-05-22), a total of 78,832 events (from the paper, not the catalog), and fabricated magnitudes up to M10.0 (catalog max is M4.7). It also","## 2021年青海玛多Mw7.4地震序列的时空分布特征  2021年5月22日发生的青海玛多Mw7.4地震是该地区一个重要的地震事件，尽管其造成的伤亡较少，但对基础设施造成了显著损害，并引发了一系列余震。这一事件标志着该地区地震活动的一个重要时刻，强调了对地震风险的理解和未来准备的必要性 [Data: Reports (140)]。  ### 地震活动的时空聚集性  整体来看，青海玛多地区的地震活动呈现出明显的时空聚集特征。多个地震事件在短时间内发生，表明该地区可能存在持续的地质活动和应力积累现象 [Data: Reports (191, 412, 454, 12, 244)]。在2021年"
graphrag_pre,maduo_narrative,A2,0,"The answer uses out-of-catalog values: start date before catalog, event count (78,832) and magnitude range (up to Mw7.4 and M14.696) not present in the catalog. No event of M7.4 or M14.696 exists in t","## 2021年青海玛多Mw7.4地震序列概述  ### 时间范围 2021年青海玛多Mw7.4地震序列的时间范围从2021年5月22日开始，记录了多个显著的地震事件，持续至2022年，甚至延续到2023年。这一时间段内的地震活动显示出该地区的持续地质活动 [Data: Reports (10, 448)]。  ### 总事件数 该地震序列的总事件数为78,832次，涵盖了主震及其后续的余震。这一庞大的事件数量反映了该地区在主震后经历了复杂的余震活动，显示出地震的持续影响 [Data: Reports (140)]。  ### 震级范围 震级范围从Mw0.5到Mw7.4，主震的震级为7.4，后"
graphrag_pre,maduo_narrative,A3,0,"The answer uses out-of-catalog values: it references the 2021-05-22 Mw7.4 mainshock (not in the catalog), claims a magnitude range up to Mw7.4, and states 78,832 events and multiple >M5.0 events, all ","## 2021年青海玛多Mw7.4地震序列震级分布的总体特征  2021年5月22日发生的青海玛多Mw7.4地震是该地区一个显著的地震事件，震级分布的总体特征显示出多样性和复杂性。该地震序列不仅包括主震的高震级事件，还伴随着大量的余震，反映出该地区的地质活动性较高。  ### 震级分布的多样性  在该地震序列中，震级范围从M0.5到Mw7.4不等，显示出从小震到大震的广泛变化。主震的震级为7.4，标志着该序列的显著性，而后续的余震震级通常较低，表明地震活动具有一定的规律性和模式。这种震级分布特征对于理解该地区的地震风险和进行灾害预防具有重要意义 [Data: Reports (1, 3, 9,"
graphrag_pre,maduo_only,B2,0,"The answer gives the mainshock date and magnitude (2021-05-22, M7.4) from outside the catalog, which starts 2021-06-01 and has a maximum magnitude of M4.7. Both the date and magnitude are fabricated r","## 2021年青海玛多Mw7.4地震序列的最大震级事件  在2021年青海玛多Mw7.4地震序列中，震级最大的事件发生在**2021年5月22日**。该事件的震中位置位于**纬度34.634668， 经度98.511483**，震级为**7.4** [Data: Reports (308, 5, 25, 26, 23, +more)]。  ### 事件的重要性  这一事件的震级和地理位置对于理解该地区的地震活动具有重要意义。它不仅反映了该地区的地质动态，还可能对周围环境和基础设施产生影响。由于其较高的震级，相关部门应加强对该地区的监测和应急准备，以应对可能的后续地震活动。  ### 结论  "
graphrag_pre,maduo_only,B3,0,"All listed magnitudes (11.9, 11.8, 11.4, 11.3, 7.4) are fabricated and do not exist in the catalog (max M4.7). The date 2021-05-22 is outside the catalog span. No answer elements match the catalog's t",## 2021年青海玛多Mw7.4地震序列前5个事件  根据提供的数据，2021年青海玛多Mw7.4地震序列中，按震级从大到小排列的前5个事件及其发生时间如下：  1. **震级11.9** - 发生时间：2021年6月4日 [Data: Reports (19)]。 2. **震级11.8** - 发生时间：2021年8月28日 [Data: Reports (24)]。 3. **震级11.4** - 发生时间：2021年7月24日 [Data: Reports (31)]。 4. **震级11.3** - 发生时间：2021年7月2日 [Data: Reports (20)]。 5. *
graphrag_pre,maduo_only,B17,0,The answer uses out-of-catalog values (Mw7.4 on 2021-05-22) and fabricated event dates and magnitudes not present in the catalog. The correct interval is 37.25 days between the largest (2021-07-08 M4.,"## 2021年青海玛多Mw7.4地震序列的震级事件分析  在2021年青海玛多Mw7.4地震序列中，记录了多个震级事件，其中最大震级事件的震级为Mw7.4，最小震级事件的震级为Mw0.5。根据不同的记录，最大与最小震级事件之间的时间间隔有所不同。  ### 最大与最小震级事件的时间间隔  1. **最大震级事件**：Mw7.4，发生在2021年5月22日。 2. **最小震级事件**：Mw0.5，发生在2021年6月9日。  根据这些数据，最大与最小震级事件之间的时间间隔为18天 [Data: Reports (22, +more)]。  此外，另一组记录显示，最大震级事件的震级为Mw7.4"
graphrag_pre,ridgecrest_narrative,A3,2,"The answer correctly describes the magnitude range, the largest event, and the prevalence of small events. However, it incorrectly states that the M7.1 occurred on July 4 (it was July 6), and overemph","## 2019年Ridgecrest地震序列震级分布的总体特征  2019年Ridgecrest地震序列的震级分布显示出显著的多样性和复杂性，主要集中在M2.0至M7.1的震级范围内。这一系列地震事件的发生，尤其是在7月4日和7月6日，表明该地区的地质活动频繁且具有潜在风险。  ### 震级分布与活动高峰  在2019年7月4日，记录到的M7.1地震是该序列中最强的事件，显示出该地区的地质活跃性和潜在风险 [Data: Reports (19, 45, 63, 5, 65)]。此外，7月6日的地震活动尤为显著，记录了多个震中在相近地理位置的地震，震级范围从M2.0到M4.5不等，特别是M3.2"
graphrag_pre,ridgecrest_narrative,A5,2,"The answer correctly identifies multiple phases (foreshock, mainshock, aftershock, sustained activity), consistent with the catalog's temporal and magnitude patterns. However, the phase boundaries are","## 2019年Ridgecrest地震序列的阶段划分及特点  2019年Ridgecrest地震序列的地震活动可以分为几个主要阶段，每个阶段具有其独特的特点和地质活动模式。这些阶段的划分有助于理解该地区的地震动态及其潜在风险。  ### 1. 初始阶段（7月4日-7月6日）  初始阶段始于2019年7月4日，标志着地震序列的开始。在这一阶段，记录了多个显著的地震事件，包括M6.4的主震和其他震级在M2.0至M4.5之间的地震。这些地震事件显示出该地区的地质活跃性，尤其是M7.1和M4.0等强震的发生引发了公众的广泛关注和对地质稳定性的担忧 [Data: Reports (19, 45, 52"
graphrag_pre,ridgecrest_narrative,A14,2,"The answer correctly classifies the sequence as mainshock-aftershock with swarm-like features, consistent with the catalog. However, it misstates the date of the M7.1 mainshock (July 6, not July 4) an","## 2019年Ridgecrest地震序列的分类分析  2019年Ridgecrest地震序列的分类问题引起了广泛的关注，分析结果显示该序列具有复杂的特征，主要可以归类为主震-余震序列，但也展现出震群的特征。  ### 主震-余震序列特征  首先，2019年7月4日发生的7.1级主震是该序列的关键事件，随后伴随了一系列余震。这种模式符合主震-余震的地震序列特征，表明该地区的持续地质活动和应力释放。主震后，记录了多次余震，包括M5.4和M5.5等，进一步支持了主震-余震的分类 [Data: Reports (19, 45, 63, 78, 81)]。  此外，7月6日的M7.1余震也强化了这一"
graphrag_pre,ridgecrest_only,A14,2,"The answer correctly classifies the sequence as mainshock-aftershock, referencing the correct large events. However, it incorrectly calls the M7.1 an aftershock of the M6.4, when the M7.1 is the mains",## 2019年Ridgecrest地震序列的分类  2019年Ridgecrest地震序列的分析表明，该序列可以被归类为主震-余震序列，特别是以2019年7月4日的M6.4主震和随后发生的M7.1余震为标志。这一分类得到了时间和空间分布的支持，显示出地震事件之间的明显关联性。  ### 主震与余震的特征  在2019年7月4日和7月6日之间，发生了一系列震中相近的地震事件，符合主震-余震序列的特征。7月4日的M6.4地震被视为主震，而7月6日的M7.1地震则是其余震之一，后续还记录了多个较小的余震，如M5.4等。这些事件的发生模式表明，地震活动是相互关联的，强调了对该地区持续监测的必要性 [
vector_rag,luding_only,A4,1,"The answer refuses to answer a question that is answerable from the catalog (trend in activity), which by rubric scores 1. It also refers to an M6.8 event not present in the catalog, which is a fabric","The retrieved chunks show a series of seismic events occurring in September and October 2022, including the 2022 Sichuan Luding M6.8 earthquake. However, without a complete dataset or specific time series analysis, I cannot definitively determine whether the seismic activity is increasing, decreasin"
vector_rag,luding_only,A7,1,"The answer refuses to answer a question that is answerable from the catalog (trend in frequency), which by rubric scores 1. It also refers to an M6.8 event not present in the catalog, but does not fab","The retrieved chunks show a series of seismic events occurring around the time of the 2022 Sichuan Luding M6.8 earthquake, particularly on September 6, 2022, when multiple aftershocks were recorded shortly after the main event. However, the data does not provide a comprehensive view of the entire se"
vector_rag,luding_only,C6,1,"The answer refuses to answer a question that is answerable from the catalog (connections = temporal/spatial clustering after the largest event). It also refers to a M6.8 event, which is not present in",The retrieved data does not contain information about the connections between events that occurred immediately after the largest magnitude event in the 2022 Sichuan Luding M6.8 earthquake sequence.
vector_rag,ridgecrest_only,C3,1,The answer misdates the M7.1 mainshock as 2019-07-05 (it occurred 2019-07-06 UTC). Foreshock and aftershock examples are correct and plausible. Central claim is wrong due to the mainshock date error.,根据检索到的数据，2019年Ridgecrest地震序列的主要地震事件如下：  1. **前震**：    - 2019年7月4日，发生了一次M6.4的地震（具体数据未在检索到的片段中列出，但这是已知的前震）。  2. **主震**：    - 2019年7月5日，发生了一次M7.1的地震（同样，具体数据未在检索到的片段中列出，但这是已知的主震）。  3. **余震**：    - 检索到的数据中包含了多次余震，以下是一些余震的例子：      - 2019年7月6日，M4.5的余震。      - 2019年7月6日，M3.0的余震。      - 2019年7月9日，M3.6的余震。   
